title,author,link
IMPLEMENTASI METODE K-MEANS UNTUK PENGELOMPOKAN DATA JAMAAH PADA BIRO UMROH JABAL RAHMAH PACITAN,"Melinda Yunitasari Yunitasari,Tamara Maharani Maharani,Bagus Hikmahwan Hikmahwan",http://klik.ulm.ac.id/index.php/klik/article/view/402
KLASIFIKASI DATA LULUSAN SMPN 3 TULAKAN MENGGUNAKAN METODE NAÏVE BAYES,"Lesta Lia Regitaningtyas,Tamara Maharani Maharani,Bagus Hikmawan Hikmawan",http://klik.ulm.ac.id/index.php/klik/article/view/403
EFESIENSI ENERGI PADA BANGUNAN MENGGUNAKAN MULTIVARIATE RANDOM FOREST,"Triando Hamonangan Saragih,Mohammad Reza Faisal,Muhammad Haekal",http://klik.ulm.ac.id/index.php/klik/article/view/421
IMPLEMENTASI METODE SEDIMENT DELIVERY RATIO (SDR) DALAM SISTEM INFORMASI PENDUGAAN EROSI DAERAH ALIRAN SUNGAI,Dimas Kurniawan,http://klik.ulm.ac.id/index.php/klik/article/view/424
ANALYSIS OF MODIFIED K-MEANS CLUSTERING IN DECISION SUPPORT OF INDUSTRIAL PARTNER GROUPING,"Billy Sabella,Veri Julianto,Ahmad Rusadi Arrahimi",http://klik.ulm.ac.id/index.php/klik/article/view/429
METODE FUZZY SAW DAN ALGORITMA SELECTION SORT UNTUK PEMILIHAN VENDOR PENGADAAN BARANG,"badriawan sukma,septi andryana,agus iskandar",http://klik.ulm.ac.id/index.php/klik/article/view/438
PERANCANGAN SISTEM INFORMASI INVENTARIS BERBASIS WEBSITE MENGGUNAKAN METODE WATERFALL,"darmansah darmansah,Sisilia Rahma Widiasari Sisilia Rahma Widiasari,Raswini Raswini,Marcel Agustine Bacsafra Marcel Agustine Bacsafra",http://klik.ulm.ac.id/index.php/klik/article/view/448
KOMBINASI PROFILE MATCHING DAN ENTROPY UNTUK REKOMENDASI PEKERJAAN BAGI LULUSAN UNIVERSITAS PATTIMURA,Priskila Damaris Lokollo,http://klik.ulm.ac.id/index.php/klik/article/view/449
Analisis Penerapan Deep Learning untuk Klasifikasi Serangan Terhadap Keamanan Jaringan,I Made Suartana,http://klik.ulm.ac.id/index.php/klik/article/view/451
PENERAPAN GIM AUGMENTED REALITY BERBASIS ANDROID DALAM PENGENALAN SEJARAH KERATON KERAJAAN PONTIANAK,Fatma Agus Setyanngsih,http://klik.ulm.ac.id/index.php/klik/article/view/452
SISTEM INFORMASI GEOGRAFIS PETA PENYEBARAN COVID-19 DI KOTA BATAM,Syaeful Anas Aklani,http://klik.ulm.ac.id/index.php/klik/article/view/393
DESAIN BASIS DATA TERHADAP KEBUTUHAN  PETANI BAWANG MERAH,"Faiz Rizky Fahlevi,Ahmad Muslih Syafi'i,Adytia Abi Restianto,Ummi Athiyah",http://klik.ulm.ac.id/index.php/klik/article/view/394
A BLOCKCHAIN SYSTEM FOR DIGITAL SERTIFICATE VERIFICATION ON E-LEARNING,Dewi Setiowati,http://klik.ulm.ac.id/index.php/klik/article/view/397
PENDETEKSIAN WAJAH MENGGUNAKAN ALGORITMA CONVOLUTIONAL NEURAL NETWORK DALAM MENGHITUNG JUMLAH MAHASISWA,"Satria Ramadhan,Muhamad Irsan,Silvia Ayunda Murad",http://klik.ulm.ac.id/index.php/klik/article/view/398
PEMILIHAN KETUA DAN WAKIL KETUA BADAN EKSEKUTIF MAHASISWA UNIVERSITAS LAMBUNG MANGKURAT (BEM ULM) BERBASIS ELEKTRONIK,"Muhammad Azmi Adhani,Radityo Adi Nugroho,Rudy Herteno,Muliadi Muliadi,Friska Abadi",http://klik.ulm.ac.id/index.php/klik/article/view/404
DETEKSI IKAN TONGKOL BERFORMALIN BERDASARKAN CITRA MATA IKAN DENGAN METODE NAÏVE BAYES CLASSIFIER,"Mutia Maulida,Eka Setya Wijaya,Muhamad Reza Anwar",http://klik.ulm.ac.id/index.php/klik/article/view/405
SISTEM PENDUKUNG KEPUTUSAN KEBERLANJUTAN BEASISWA STMIK PELITA NUSANTARA SETIAP SEMESTER DENGAN MENGGUNAKAN METODE SIMPLE ADDITIVE WEIGHTING (SAW),Nera Mayana Br Tarigan,http://klik.ulm.ac.id/index.php/klik/article/view/406
EVALUASI PENGGUNAAN APLIKASI SIM-RS MENGGUNAKAN METODE HOT-FIT,Tri Rizqi Ariantoro,http://klik.ulm.ac.id/index.php/klik/article/view/407
AKSESIBILITAS SPASIAL KE PUSAT KESEHATAN MASYARAKAT(PUSKESMAS) DI KOTA MEDAN DENGAN METODE ENHANCE TWO-STEP FLOATING CATCHMENT AREA (E2SFCA),"Mardhiatul Husna,Jenny Sari Tarigan",http://klik.ulm.ac.id/index.php/klik/article/view/408
PERBANDINGAN K-NEAREST NEIGHBOR DAN BACKPROPAGATION NEURAL NETWORK DALAM PREDIKSI RESIKO DIABETES TAHAP AWAL,"Jaka Permadi,Herfia Rhomadhona,Winda Aprianti",http://klik.ulm.ac.id/index.php/klik/article/view/419
IDENTIFIKASI OTOMATIS PESAN SAKSI MATA PADA MEDIA SOSIAL SAAT BENCANA GEMPA,"Sarah Monika Nooralifa,Mohammad Reza Faisal,Friska Abadi,Radityo Adi Nugroho,Muliadi Aziz",http://klik.ulm.ac.id/index.php/klik/article/view/351
PERKIRAAN SUMBER DAYA PENGEMBANGAN SISTEM INFORMASI MENGGUNAKAN COCOMO II  (Studi Kasus : Pengembangan Sistem Informasi Pengelolaan Data English Proficiency Test (EPT) Unit Pelaksana Teknis (UPT) Bahasa Universitas Lampung),"Dian Pitaloka,Anie Rose Irawati,Yohana Tri Utami",http://klik.ulm.ac.id/index.php/klik/article/view/378
ANALISIS PERBANDINGAN KINERJA LAYANAN CONTAINER AS A SERVICE (CAAS) STUDI KASUS : DOCKER DAN PODMAN,"Chairul Mukmin,Therezia Naraloka,Qodri Harun Andriyanto",http://klik.ulm.ac.id/index.php/klik/article/view/381
"ANALISIS SISTEM PAKAR UNTUK MENGIDENTIFIKASI PENYAKIT PADA TANAMAN JERUK SIAM (CITRUS NOBILIS VAR. MICROCARPA) DARI PERKEBUNAN DESA SETAPOK, KOTA SINGKAWANG","Fatma Agus Setyanngsih,Rahmawati Rahmawati,Mukarlina Mukarlina",http://klik.ulm.ac.id/index.php/klik/article/view/382
APLIKASI PEMESANAN MAKANAN MENGGUNAKAN ALGORTIMA COLLABORATIVE FILTERING DENGAN METODE MVC (MODEL VIEW CONTROLLER),aji putra prasetiyo,http://klik.ulm.ac.id/index.php/klik/article/view/384
METODE FORWARD CHAINING DAN CERTAINTY FACTOR UNTUK MENDIAGNOSA PENYAKIT PADA PEROKOK AKTIF BERBASIS ANDROID,Willy Welvi Nanda,http://klik.ulm.ac.id/index.php/klik/article/view/386
TEXT MINING UNTUK MENGKLASIFIKASI  JUDUL BERITA ONLINE  STUDI KASUS RADAR BANJARMASIN  MENGGUNAKAN METODE NAÏVE BAYES,Muhammad Sholih Afif,http://klik.ulm.ac.id/index.php/klik/article/view/389
"SISTEM PAKAR KERUSAKAN BARANG RUMAH  TANGGA (MESIN CUCI, AC & KULKAS)  BERBASIS FORWARD CHAINING","Admi Syarif,Novita Dwilestari,Akmal Junaidi,Rico Andrian",http://klik.ulm.ac.id/index.php/klik/article/view/390
ARSITEKTUR SISTEM INFORMASI BERBASIS WEB MONITORING PROSES RECOVERY SURVIVOR GANGGUAN JIWA PASCA PERAWATAN,"Astria Hijriani,Sigit Tunggul Waskito,Yohana Tri Utami",http://klik.ulm.ac.id/index.php/klik/article/view/391
IMPLEMENTASI SSD_RESNET50_V1 UNTUK  PENGHITUNG KENDARAAN,"Muhammad Nur Rizal,Radityo Adi Nugroho,Dodon Turianto nugrahadi,Muhammad Reza Faisal,Friska Abadi",http://klik.ulm.ac.id/index.php/klik/article/view/383
PERANCANGAN GAME EDUKASI SEBAGAI MEDIA PEMBELAJARAN BERBASIS MOBILE MENGGUNAKAN ALGORITMA FISHER-YATES DAN FLOOD FILL,Rifky Syaifulloh,http://klik.ulm.ac.id/index.php/klik/article/view/353
EFEKTIVITAS PENCARIAN RUTE RUMAH KOS DAN KONTRAKAN BERBASIS ALGORITMA DIJKSTRA DAN ASTAR,Moh Nur Latuconsina,http://klik.ulm.ac.id/index.php/klik/article/view/364
HOSPITAL LENGTH OF STAY PREDICTION BASED ON PATIENT EXAMINATION USING NEURAL NETWORK,Rabiatul Adawiyah,http://klik.ulm.ac.id/index.php/klik/article/view/368
SISTEM FUZZY PADA KONTROLING AERATOR UNTUK MENINGKATKAN KUALITAS AIR KOLAM PEMBIBITAN IKAN MENGGUNAKAN SENSOR DO DAN SENSOR SUHU,"Andi farmadi,Muliadi Muliadi",http://klik.ulm.ac.id/index.php/klik/article/view/369
KLASIFIKASI KUALITAS KAYU KELAPA MENGGUNAKAN ARSITEKTUR CNN,"Nurul Fathanah Mustamin,Yuslena Sari,Husnul Khatimi",http://klik.ulm.ac.id/index.php/klik/article/view/370
SISTEM PENERIMAAN PEGAWAI SALES KPR PADA BANK MENGGUNAKAN METODE MULTI-OBJECTIVE OPTIMIZATION ON THE BASIS OF RATIO ANALYSIS,"Andreyan Rizky Baskara,Yuslena Sari,Muhammad Adetya Ashari",http://klik.ulm.ac.id/index.php/klik/article/view/372
PERANCANGAN DAN IMPLEMENTASI  SISTEM MANAJEMEN PROPOSAL SKRIPSI  (STUDI KASUS JURUSAN MANAJEMEN INFORMATIKA POLITEKNIK NEGERI SAMBAS),Sonty Lena,http://klik.ulm.ac.id/index.php/klik/article/view/373
SIMIPA MODUL ORANG TUA SEBAGAI MEDIA PEMANTAUAN PERKULIAHAN MAHASISWA OLEH ORANG TUA/WALI,"Ardiansyah Ardiansyah,Habibi Habibi,Dwi Sakethi,Anie Rose Irawati",http://klik.ulm.ac.id/index.php/klik/article/view/374
PEMBUATAN VIRTUAL TOUR SEBAGAI SARANA PEMBELAJARAN PROGRAM STUDI MICE,"Mardhiatul Husna,Erwinsyah Simanungkalit,Faulina Faulina",http://klik.ulm.ac.id/index.php/klik/article/view/375
DETEKSI TINGKAT KERUSAKAN SISTEM KELISTRIKAN PADA MOBIL MENGGUNAKAN ADAPTIVE NEURO-FUZZY INFERENCE SYSTEM,"Rizky Prabowo,Zuliana Nurfadlilah,Favorisen Rosyking Lumbanraja,Didik Kurniawan",http://klik.ulm.ac.id/index.php/klik/article/view/377
IMPLEMENTASI METODE ANALYTICAL HIERARCHY PROCESS (AHP) PADA SISTEM PENDUKUNG KEPUTUSAN PEMBELIAN MOBIL DI BANDAR LAMPUNG,"Admi Syarif,Ari Ardianto,Bambang Hermanto,Machudor Yusman",http://klik.ulm.ac.id/index.php/klik/article/view/325
PENGELOMPOKAN PERSENTASE BUTA HURUF UMUR 15-44 MENURUT  PROVINSI MENGGUNAKAN ALGORITMA K-MEANS,"Saifullah Saifullah,Nani Hidayati",http://klik.ulm.ac.id/index.php/klik/article/view/329
REALISASI DAN DESAIN DINAMIKA BERJALAN NAIK DIATAS TANGGA PADA 33 DOF HUMANOID ROBOT,"Wulandari Puspita Sari,R Sanggar Dewanto,Dadet Pramadihanto",http://klik.ulm.ac.id/index.php/klik/article/view/332
IMPLEMENTASI WEIGHT PRODUCT (WP) UNTUK PEMILIHAN BUBUR BAYI INSTAN USIA 6BULAN+,Linda Sari Dewi,http://klik.ulm.ac.id/index.php/klik/article/view/334
MULTIATTRIBUTE DECISION MAKING PENENTUAN AKREDITASI SMA MENGGUNAKAN METODE ECKENRODE DAN DIA,Yeffriansjah Salim,http://klik.ulm.ac.id/index.php/klik/article/view/339
PROTOTYPE MONITORING SUHU BERBASIS MIKROKONTROLER PADA COOL BOX IKAN MENGGUNAKAN SENSOR DS18B20 DENGAN METODE FUZZY,"Eka Setya Wijaya,Muti`a Maulida,Yuslena Sari,Andreyan Rizky Baskara,Akhmad Rivaldy",http://klik.ulm.ac.id/index.php/klik/article/view/343
DETECTION OF LUNG CANCER CELL BASED ON CYTOLOGICAL EXAMINATION USING CONVOLUTIONAL NEURAL NETWORK,"Rulisiana Widodo,Tessy Badriyah,Iwan Syarif",http://klik.ulm.ac.id/index.php/klik/article/view/344
OPTIMASI FUNGSI KEANGGOTAAN FIS TSUKAMOTO MENGGUNAKAN SIMULATED ANNEALING UNTUK IDENTIFIKASI PENYAKIT GIGI,"Triando Hamonangan Saragih,Rahmat Ramadhani,Muhammad Itqan Mazdadi,Ahmad Rusadi Arrahimi,Mohammad Reza Faisal",http://klik.ulm.ac.id/index.php/klik/article/view/349
PREDIKSI JUMLAH PENDERITA PENYAKIT TUBERKULOSIS DI KOTA BANDAR LAMPUNG MENGGUNAKAN METODE SVM (SUPPORT VECTOR MACHINE),"Favorisen R. Lumbanraja,Ira Hariati Br Sitepu,Didik Kurniawan,Aristoteles Aristoteles",http://klik.ulm.ac.id/index.php/klik/article/view/350
CAWA LAMPUNG : KAMUS BAHASA INDONESIA-LAMPUNG DIALEK A BERBASIS ANDROID,"Febi Eka Febriansyah,Ardiansyah Ardiansyah,Afan Darmaji",http://klik.ulm.ac.id/index.php/klik/article/view/352
SISTEM PREDIKSI FUZZY TIME SERIES DAN PERANGKINGAN WEIGHTED PRODUCT PADA PENJUALAN ES BUAH,"Heffi Awang Cahya,Resty Wulanningrum,Danar Putra Pamungkas",http://klik.ulm.ac.id/index.php/klik/article/view/313
FENOMENA SPORADIC E FREKUENSI 5.2 MHZ PADA KONDISI SOLAR MINIMUM TAHUN 2019,"Zulmi Zakariyah,Titon Dutono,Tri Budi Santoso,Bustamir Arif",http://klik.ulm.ac.id/index.php/klik/article/view/314
ANALISIS AUDIT TATA KELOLA KEAMANAN TEKNOLOGI INFORMASI MENGGUNAKAN FRAMEWORK COBIT 5 PADA INSTANSI X,"Daniel Alexander Octavianus Turang,Merry Christy Turang",http://klik.ulm.ac.id/index.php/klik/article/view/316
VIRTUAL TOUR 3D SITUS PURBAKALA PUGUNG RAHARJO LAMPUNG TIMUR,"Puput Budi Wintoro,Irwan Irmawan,Deny Budiyanto,Rio Ariestia Pradipta",http://klik.ulm.ac.id/index.php/klik/article/view/318
PENGUKURAN PSNR PADA TRANSMISI VIDEO DI KANAL TERAHERTZ MENGGUNAKAN QAM MODULATION,"Tamara Maharani,Muhammad Agus Zainuddin,Sritrusta Sukaridhoto",http://klik.ulm.ac.id/index.php/klik/article/view/319
HAND GESTURE RECOGNITION FOR INDONESIAN SIGN LANGUAGE INTERPRETER SYSTEM WITH MYO ARMBAND USING SUPPORT VECTOR MACHINE,"Aditiya Anwar,Achmad Basuki,Riyanto Sigit",http://klik.ulm.ac.id/index.php/klik/article/view/320
DETEKSI DINI PENYAKIT IUGR (INTRA UTERINE GROWTH RETRICTION) DENGAN METODE SVM (SUPPORT VECTOR MACHINE),irhama karin karinasari,http://klik.ulm.ac.id/index.php/klik/article/view/321
ANALISIS POLA PERMINTAAN PUBLIKASI DATA BADAN PUSAT STATISTIK MENGGUNAKAN ASSOCIATION RULE APRIORI,"Farid Ridho,Fachruddin Mansyur",http://klik.ulm.ac.id/index.php/klik/article/view/322
"IMPLEMENTASI FRAMEWORK COBIT 5.0 FOKUS DOMAIN DELIVERY, SUPPORT, DAN SERVICE PADA PT.XYZ","Yunda Heningtyas,Indah Mayatika Sihaloho,Akmal Junaidi",http://klik.ulm.ac.id/index.php/klik/article/view/323
PEMANFAATAN ANALISIS SPASIAL UNTUK PEMETAAN RISIKO BENCANA ALAM TSUNAMI MENGGUNAKAN PENGOLAHAN DATA SPASIAL SISTEM INFORMASI GEOGRAFIS,"Deny Budiyanto,Trisya Septiana,Mona Arif Muda",http://klik.ulm.ac.id/index.php/klik/article/view/324
SISTEM PAKAR ANALISA KERUSAKAN SEPEDA MOTOR MATIC DENGAN METODE DEMPSTER SHAFER DAN PEMROGRAMAN PYTHON,"Hikmatulloh Hikmatulloh,Dede Wintana,Susilawati Susilawati",http://klik.ulm.ac.id/index.php/klik/article/view/193
FEED FORWARD NEURAL NETWORK SEBAGAI ALGORITMA ESTIMASI STATE OF CHARGE BATERAI LITHIUM POLYMER,"Mohammad Imron Dwi Prasetyo,Anang Tjahjono,Novie Ayub Windarko",http://klik.ulm.ac.id/index.php/klik/article/view/290
IDENTIFIKASI PENYAKIT BURUNG PERKUTUT MENGGUNAKAN FORWARD CHAINING,Tri Hastono,http://klik.ulm.ac.id/index.php/klik/article/view/292
EKSTRAKSI FITUR MENGGUNAKAN MODEL WORD2VEC PADA SENTIMENT ANALYSIS KOLOM KOMENTAR KUISIONER EVALUASI DOSEN OLEH MAHASISWA,"Muhammad Rusli,M. Reza Faisal,Irwan Budiman,Radityo Adi Nugroho,Andi Farmadi",http://klik.ulm.ac.id/index.php/klik/article/view/296
KEMIRIPAN LIPSTIK BERDASARKAN METODE FUZZY C-MEANS (FCM) MENGGUNAKAN DELPHI,chandra dharsni,http://klik.ulm.ac.id/index.php/klik/article/view/299
IMPLEMENTASI METODE WEBQUAL DAN CUSTOMER SATISFACTION INDEX UNTUK MENGEVALUASI WEBSITE PERGURUAN TINGGI NEGERI DI BANDAR LAMPUNG,"Tristiyanto Tristiyanto,Deviana Saputri,Muhammad Iqbal",http://klik.ulm.ac.id/index.php/klik/article/view/303
RANCANG BANGUN APLIKASI KARTU MENUJU SEHAT (e-KMS) PADA PLATFORM ANDROID,"Kurnia Muludi,Noni Kurniasih,Aristoteles Aristoteles,Muhammad Iqbal",http://klik.ulm.ac.id/index.php/klik/article/view/304
SISTEM FUZZY INFERENSI UNTUK CUSTOMISE FAN PADA SISTEM  RUMAH CERDAS,"Andi Farmadi,Dwi Kartini Kartini,Muliadi Muliadi",http://klik.ulm.ac.id/index.php/klik/article/view/306
OBJECT COUNTING PADA DATA VIDEO,"Rudy Herteno,M. Reza Faisal,Radityo A Nugroho,Friska Abadi,Rahmat Ramadhani",http://klik.ulm.ac.id/index.php/klik/article/view/307
OPTIMALISASI PENERIMAAN REMUNERASI DOSEN MENGGUNAKAN METODE RULE BASE REASONING,Samsudin Samsudin,http://klik.ulm.ac.id/index.php/klik/article/view/185
KLASIFIKASI NAÏVE BAYES UNTUK MENDIAGNOSIS PENYAKIT PNEUMONIA PADA ANAK BALITA (STUDI KASUS : UPTD PUSKESMAS SUKARAJA SUKABUMI),"Ami Rahmawati,Dede Wintana,Satia Suhada,Gunawan Gunawan,Hamdun Sulaiman",http://klik.ulm.ac.id/index.php/klik/article/view/202
"KLASIFIKASI PENENTUAN PENERIMA MANFAAT PROGRAM KELUARGA HARAPAN (PKH) MENGGUNAKAN ALGORITMA C5.0  (Studi kasus: Desa Sukamaju, Kec.Kadudampit)","Dede Wintana,Hikmatulloh Hikmatulloh,Nurul Ichsan,Jajang Jaya Purnama,Ami Rahmawati",http://klik.ulm.ac.id/index.php/klik/article/view/206
ANALISIS ALGORITMA BACKPROPAGATION DALAM MEMPREDIKSI TINGKAT KEBERHASILAN PELATIH SEPAKBOLA SEBAGAI SALAH SATU KEMAJUAN OLAHRAGA DI INDONESIA,Muhammad Ridwan Lubis,http://klik.ulm.ac.id/index.php/klik/article/view/248
PEMODELAN ENTERPRISE RESOURCE PLANNING MENGGUNAKAN ODOO PADA Z-TECH KOMPUTER,"Fitri Purwaningtias,Chairul Mukmin",http://klik.ulm.ac.id/index.php/klik/article/view/259
"ANALISIS KINERJA REDISTRIBUSI ROUTING PROTOKOL DINAMIK (Studi Kasus : RIP, EIGRP, IS-IS)","Chairul Mukmin,Edi Surya Negara",http://klik.ulm.ac.id/index.php/klik/article/view/262
IMPLEMENTASI DECISION TREE C4.5 DALAM PENENTUAN PINJAMAN UANG DI KOPERASI XYZ di BANJARMASIN,"Lia Farokhah,Rina Dewi Indahsari",http://klik.ulm.ac.id/index.php/klik/article/view/268
APLIKASI MODUL DIGITAL BERBASIS WEB RESPONSIVE PADA STIK BINA HUSADA,"Tri Risqi Ariantoro,Arief Pamuji,Imam Solikin",http://klik.ulm.ac.id/index.php/klik/article/view/270
INTEGRASI SMART ATTENDANCE BAGI DOSEN SEBAGAI UPAYA PENINGKATAN KINERJA,"Irman Effendy,Ahmad Mutatkin Bakti",http://klik.ulm.ac.id/index.php/klik/article/view/271
PENERAPAN ALGORITMA ITERATIVE DICHOTOMISER THREE (ID3) DALAM MENDIAGNOSA KESEHATAN KEHAMILAN,"Hikmatulloh Hikmatulloh,Ami Rahmawati,Dede Wintana,Diah Ayu Ambarsari",http://klik.ulm.ac.id/index.php/klik/article/view/189
ANALISA ALGORITMA K-MEANS CLUSTERING PEMETAAN JUMLAH TINDAK PIDANA,Jajang jaya Purnama,http://klik.ulm.ac.id/index.php/klik/article/view/208
IMPLEMENTASI FORMULA HAVERSINE DAN KOMUNIKASI DATA REAL-TIME MENGGUNAKAN WEBSOCKET DI SISTEM PENGAWASAN WARGA NEGARA ASING,Alam Rahmatulloh,http://klik.ulm.ac.id/index.php/klik/article/view/210
PENERAPAN DATA MINING DENGAN ALGORITMA C4.5 UNTUK KALKULASI DATA DALAM AL-QUR’AN TERJEMAHAN,Asmira Mira Rusli,http://klik.ulm.ac.id/index.php/klik/article/view/214
PENDETEKSIAN MADZHAB MENGGUNAKAN TEKNIK TEXT MINING DENGAN ALGORITMA C4.5 BERBASIS WEB,Sri Rahayu Razali,http://klik.ulm.ac.id/index.php/klik/article/view/215
APLIKASI CUTI DOSEN BERBASIS ANDROID PADA STEBIS ISLAM DARUSSALAM,"Imam Solikin,M. Soekarno Putra",http://klik.ulm.ac.id/index.php/klik/article/view/223
MODEL JARINGAN SYARAF TIRUAN MEMPREDIKSI PRODUKSI EKSPOR BATU BARA MENURUT NEGARA TUJUAN UTAMA DALAM MENDORONG LAJU PERTUMBUHAN EKONOMI,"Rafiqa Dewi,Sundari Retno Andani,Solikhun Solikhun",http://klik.ulm.ac.id/index.php/klik/article/view/227
IMPLEMENTASI EXTREME PROGRAMMING PADA SISTEM INVENTORY  MEBEL PADA CV PROFESTAMA KURNIA NISA,"Mesri Silalahi,Yulia E",http://klik.ulm.ac.id/index.php/klik/article/view/235
PENGARUH IMPLEMENTASI LOAD BALANCING DAN TUNING WEB SERVER PADA RESPONSE TIME RASPBERRY PI,"Dodon Turianto Nugrahadi,Rudy Herteno,Muhammad Anshari",http://klik.ulm.ac.id/index.php/klik/article/view/249
ANALISIS KUALITAS LAYANAN WEBSITE SIKMB MENGGUNAKAN METODE WEBQUAL 4.0 (STUDI PADA BADAN PENGUSAHAAN (BP) BATAM),Tukino Tukino,http://klik.ulm.ac.id/index.php/klik/article/view/149
STEGANOGRAFI UNTUK PESAN TERENKRIPSI MENGGUNAKAN ALGORITMA KRIPTOGRAFI RSA-CRT DI ANDROID,"Rudy Herteno,Wahyu Ramadansyah,Oni Soesanto,Radityo Adi Nugroho,Ahmad Rusadi",http://klik.ulm.ac.id/index.php/klik/article/view/246
MENGUKUR MUTU INTERACTION QUALITY SYSTEM E-TICKET,Sasa Ani Arnomo,http://klik.ulm.ac.id/index.php/klik/article/view/171
IMPLEMENTASI  METODE USABILITY TESTING DENGAN SYSTEM USABILITY SCALE DALAM PENILAIAN WEBSITE RS SILOAM PALEMBANG,Nurul Huda,http://klik.ulm.ac.id/index.php/klik/article/view/177
PEMODELAN SISTEM INFORMASI LAYANAN MASYARAKAT (SILAM) PADA KANTOR DESA UNTUK MENINGKATKAN PELAYANAN,"Eri Bayu Pratama,Ade Hendini",http://klik.ulm.ac.id/index.php/klik/article/view/178
SDLC MODEL FOR IMPLEMENTATION OF E-BLANGKO ON DEPARTMENT OF POPULATION AND CIVIL REGISTRATION,"Handha Zenita,Rina Fiati",http://klik.ulm.ac.id/index.php/klik/article/view/179
PENGUKURAN TINGKAT KEMIRIPAN DOKUMEN BERBASIS CLUSTER,"Ibnu Santoso,Lya Hulliyyatus Suadaa",http://klik.ulm.ac.id/index.php/klik/article/view/181
APLIKASI MOBILE STUDENT ASSISTANT PRODI SISTEM INFORMASI DI STMIK INDONESIA PADANG BERBASIS ANDROID,Amuharnis Chaniago,http://klik.ulm.ac.id/index.php/klik/article/view/188
PENERAPAN METODE ALGORITMA ID3 UNTUK PREDIKSI DIAGNOSA GAGAL GINJAL KRONIS (STUDI KASUS: RSUD SEKARWANGI SUKABUMI),Rusda Wajhillah,http://klik.ulm.ac.id/index.php/klik/article/view/211
DEMPSTER SHAFER'S ROLE IN THE EXPERT SYSTEM IN DIAGNOSING PET SKIN DISEASES,"Gita Malinda,Andi Farmadi,Muliadi Aziz",http://klik.ulm.ac.id/index.php/klik/article/view/216
MODEL JARINGAN SYARAF TIRUAN DALAM MEMPREDIKSI PENDAPATAN PERKAPITA MASYARAKAT PERKOTAAN PADA GARIS KEMISKINAN BERDASARKAN PROPINSI,"Solikhun Solikhun,Ahmad Revi,Syahrul Ramadan,Rina Novita Sari",http://klik.ulm.ac.id/index.php/klik/article/view/136
RANCANG BANGUN APLIKASI UNTUK MEMPREDIKSI STATUS GIZI BALITA,Muhammad Nurtanzis Sutoyo,http://klik.ulm.ac.id/index.php/klik/article/view/140
MODEL ARSITEKTUR NEURAL NETWORK DENGAN BACKPROPOGATION PADA PREDIKSI TOTAL LABA RUGI KOMPREHENSIF BANK UMUM KONVENSIONAL,"Agus Perdana Windarto,Muhammad Ridwan Lubis,Solikhun Solikhun",http://klik.ulm.ac.id/index.php/klik/article/view/148
OPTIMASI PENDISTRIBUSIAN BARANG FARMASI MENGGUNAKAN ALGORITMA GENETIKA,"Febri Ramadhani,Ficry Agam Fathurrachman,Restu Fitriawanti,Angki Christiawan Rongre,Vivi Nur Wijayaningrum",http://klik.ulm.ac.id/index.php/klik/article/view/151
IMPLEMENTASI ALGORITMA BACKPROPAGATION UNTUK MEMPREDIKSI KELULUSAN MAHASISWA,Muhammad Dedek Yalidhan,http://klik.ulm.ac.id/index.php/klik/article/view/152
PREDIKSI PROFIT PADA PERUSAHAAN DENGAN KLASIFIKASI ALGORITMA C4.5,Erlin Elisa,http://klik.ulm.ac.id/index.php/klik/article/view/153
PENERAPAN METODE K-MEANS UNTUK PEMETAAN CALON PENERIMA JAMKESDA,"M. Nanda Variestha Waworuntu,Muhammad Faisal Amin",http://klik.ulm.ac.id/index.php/klik/article/view/157
RANCANG BANGUN ALAT UKUR PANJANG KAKI DAN PENENTU STOK SEPATU YANG TERSEDIA SECARA DIGITAL MENGGUNAKAN ARDUINO MEGA 2560 BERBASIS WEBSITE,"Asep Hermawan,Abdul Muid,Irma Nirmala",http://klik.ulm.ac.id/index.php/klik/article/view/169
THE APPLICATION OF UML IN THE PROTOTYPE OF DESIGN EXPERT SYSTEM FOR THE DIAGNOSIS OF CHILI DISEASES AND PESTS,"Muliadi Aziz,Irwan Budiman,Antar Sofyan",http://klik.ulm.ac.id/index.php/klik/article/view/175
IMPLEMENTASI FUZZY SUGENO UNTUK MENENTUKAN  KESESUAIAN TANAMAN KELAPA SAWIT PADA LAHAN GAMBUT,"Andi Farmadi,Ichsan Ridwan,Dwi Kartini",http://klik.ulm.ac.id/index.php/klik/article/view/176
ANALYTICAL HIERARCHY PROCESS DAN FUZZY TOPSIS PADA SISTEM PENDUKUNG KEPUTUSAN PROMOSI JABATAN PADA PT.BANDAR MADANI 165,Andi Supriadi Chan,http://klik.ulm.ac.id/index.php/klik/article/view/94
PERANCANGAN WEBSITE PROMOSI WISATA DAN RENTAL MOBIL PADA BINTAN INTERNAL RENTAL,Nurul Azwanti,http://klik.ulm.ac.id/index.php/klik/article/view/95
PENERAPAN DATA MINING UNTUK ANALISIS POLA PEMBELIAN KONSUMEN DENGAN ALGORITMA FP-GROWTH PADA DATA TRANSAKSI PENJUALAN SPARE PART MOTOR,"Algifanri Maulana,Alfannisa Annurullah Fajrin",http://klik.ulm.ac.id/index.php/klik/article/view/100
MODEL PENENTUAN SISTEM JARINGAN AIR BERSIH UNTUK MITIGASI BENCANA KEBAKARAN PERKOTAAN DENGAN SISTEM PAKAR BERBASIS SISTEM INFORMASI GEOGRAFIS,SABRILLAH TARIDALA,http://klik.ulm.ac.id/index.php/klik/article/view/113
PEMODELAN SISTEM INFORMASI MONITORING INVENTORY SEKRETARIAT DAERAH KABUPATEN MUSI BANYUASIN,Usman Ependi,http://klik.ulm.ac.id/index.php/klik/article/view/124
PENERAPAN JARINGAN SARAF TIRUAN DALAM MEMPREDIKSI JUMLAH KEMISKINAN PADA KABUPATEN/KOTA DI PROVINSI RIAU,Anjar Wanto,http://klik.ulm.ac.id/index.php/klik/article/view/129
PEMILIHAN WISATA MENGGUNAKAN TECHNIQUE FOR ORDER PREFERENCE BY SIMILARITY TO IDEAL SOLUTION (TOPSIS) DENGAN VISUALISASI LOKASI OBJEK,Dwi Ely Kurniawan,http://klik.ulm.ac.id/index.php/klik/article/view/132
APLIKASI SISTEM PAKAR BERBASIS WEB UNTUK MENDIAGNOSA PENYAKIT SYARAF PUSAT DENGAN METODE FORWARD CHAINING,Daniel Alexander Octavianus Turang,http://klik.ulm.ac.id/index.php/klik/article/view/133
SISTEM PENDUKUNG KEPUTUSAN PENYALURAN CALON TENAGA KERJA PADA BURSA KERJA KHUSUS (BKK) MENGGUNAKAN METODE ANALYTICAL HIERARCHY PROCESS,"Dhamang Mahindra Prihantoko,sutikno sutikno",http://klik.ulm.ac.id/index.php/klik/article/view/125
ANALISIS DIAGNOSA PENYAKIT  TANAMAN PADI DENGAN METODE FUZZY INFERENCE SYSTEM DAN CERTAINTY FACTOR,Muliadi Muliadi,http://klik.ulm.ac.id/index.php/klik/article/view/135
OPTIMASI MULTI TRAVELLING SALESMAN PROBLEM (M-TSP) UNTUK DISTRIBUSI PRODUK PADA HOME INDUSTRI TEKSTIL DENGAN ALGORITMA GENETIKA,"Agung Mustika Rizki,Wayan Firdaus Mahmudy,Gusti Eka Yuliastuti",http://klik.ulm.ac.id/index.php/klik/article/view/86
PENERAPAN METODE FORWARD CHAINING DAN CERTAINTY FACTOR PADA SISTEM PAKAR DIAGNOSA HAMA ANGGREK COELOGYNE PANDURATA,"Doddy Teguh Yuwono,Abdul Fadlil,Sunardi Sunardi",http://klik.ulm.ac.id/index.php/klik/article/view/89
MOBILE APPLICATION SISTEM MONITORING KONDISI PASIEN SERANGAN JANTUNG BERBASIS GOOGLE MAPS DAN ANDROID,"Musfirah Putri Lukman,Hendra Surasa",http://klik.ulm.ac.id/index.php/klik/article/view/97
PENERAPAN ALGORITMA C4.5 UNTUK PREDIKSI PENGGUNAAN JENIS KONTRASEPSI BERBASIS WEB,"Rusda Wajhillah,Ita Yulianti",http://klik.ulm.ac.id/index.php/klik/article/view/98
SELEKSI ATRIBUT PADA ALGORITMA C4.5 MENGGUNAKAN GENETIK ALGORITMA DAN BAGGING UNTUK ANALISA KELAYAKAN PEMBERIAN KREDIT,Saeful Bahri,http://klik.ulm.ac.id/index.php/klik/article/view/99
JARINGAN SARAF TIRUAN DALAM MEMPREDIKSI SUKUK NEGARA RITEL BERDASARKAN KELOMPOK PROFESI DENGAN BACKPROPOGATION DALAM MENDORONG LAJU PERTUMBUHAN EKONOMI,"Agus Perdana Windarto,Solikhun Solikhun,Handrizal Handrizal,M Fauzan",http://klik.ulm.ac.id/index.php/klik/article/view/90
IMPLEMENTASI METODE KOHONEN UNTUK PREDIKSI CURAH HUJAN (STUDI KASUS : KOTA PONTIANAK),Fatma Agus Setyanngsih,http://klik.ulm.ac.id/index.php/klik/article/view/105
FUZZY DAN DEMPSTER-SHAFER PADA SISTEM PAKAR DIAGNOSA PENYAKIT TANAMAN CABAI,"Muliadi Muliadi,Irwan Budiman,Muhammad Adhitya Pratama,Antar Sofyan",http://klik.ulm.ac.id/index.php/klik/article/view/116
SISTEM FUZZY LOGIC TERTANAM PADA MIKROKONTROLER UNTUK PENYIRAMAN TANAMAN PADA RUMAH KACA,"Andi Farmadi,Dodon T Nugrahadi,Fatma Indriani,Oni Soesanto",http://klik.ulm.ac.id/index.php/klik/article/view/121
IMPLEMENTASI FUZZY TSUKAMOTO DALAM PENENTUAN KESESUAIAN LAHAN UNTUK TANAMAN KARET DAN KELAPA SAWIT,"Maya Yusida,Dwi Kartini,Radityo Adi Nugroho,Muliadi Muliadi",http://klik.ulm.ac.id/index.php/klik/article/view/115
SISTEM INFORMASI PENJUALAN TAS  BERBASIS WEB DENGAN PEMODELAN UML,Nurul Azwanti,http://klik.ulm.ac.id/index.php/klik/article/view/80
ANALISIS KUANTITATIF PORI BERDASARKAN PENGOLAHAN CITRA MENGGUNAKAN WOLFRAM MATHEMATICA,Yuant Tiandho,http://klik.ulm.ac.id/index.php/klik/article/view/65
APLIKASI KRIPTOGRAFI PESAN SHORT MESSAGE SERVICE PADA SMARTPHONE BERBASIS ANDROID DENGAN METODE PLAYFAIR CIPHER,"Heliza Rahmania Hatta,Mohamad Ardi,Septya Maharani",http://klik.ulm.ac.id/index.php/klik/article/view/66
PENGGUNAAN METODE ANALYTICAL HIERARCHY PROCESS DALAM PEMILIHAN LOKASI  MANGROVE PARK,Mustika Mustika,http://klik.ulm.ac.id/index.php/klik/article/view/67
IMPELEMENTASI SEMI-SUPERVISED LEARNING PADA PERSONALIZED ASTHMA MANAGEMENT SYSTEM,"Cut Fiarni,Evasaria Magdalena Sipayung,Kevin Barry Moningka",http://klik.ulm.ac.id/index.php/klik/article/view/69
IMPLEMENTASI WEIGHT PRODUCT MODEL (WPM) DALAM MENENTUKAN PEMILIHAN SEPEDA MOTOR SPORT BERBASIS SPK,Muhammad Noor Hasan Siregar,http://klik.ulm.ac.id/index.php/klik/article/view/72
PERBANDINGAN METODE WEIGHTED PRODUCT DAN WEIGHTED SUM MODEL DALAM PEMILIHAN PERGURUAN SWASTA TERBAIK JURUSAN KOMPUTER,Solikhun Solikhun,http://klik.ulm.ac.id/index.php/klik/article/view/75
IMPLEMENTASI METODE TOPSIS DAN SAW DALAM MEMBERIKAN REWARD PELANGGAN,Agus Perdana Windarto,http://klik.ulm.ac.id/index.php/klik/article/view/73
PEMILIHAN RUMAH MENGGUNAKAN METODE WEIGHT PRODUCT DENGAN VISUALISASI LOKASI OBJEK,"Dwi Ely Kurniawan,Selly Tri Amanda",http://klik.ulm.ac.id/index.php/klik/article/view/77
MODEL HALAMAN TUNGGAL UNTUK PENINGKATAN KINERJA APLIKASI PEREKAMAN DATA PENUGASAN JABATAN STRUKTURAL,Husni Thamrin,http://klik.ulm.ac.id/index.php/klik/article/view/81
FUZZY ANALYTICAL HIERARCHY PROCESS TOPSIS UNTUK SELEKSI PADA ANGGOTA PASKIBRAKA,"Jhondy Baharsyah,Muliadi Muliadi,Dwi Kartini",http://klik.ulm.ac.id/index.php/klik/article/view/52
PERANCANGAN STRATEGI PELAYANAN BERBASIS PENGETAHUAN PADA KANTOR NOTARIS,"Sukarti Sukarti,Sri Karnila",http://klik.ulm.ac.id/index.php/klik/article/view/44
IDENTIFIKASI JENIS OBAT  BERDASARKAN GAMBAR LOGO PADA KEMASAN MENGGUNAKAN METODE NAIVE BAYES,Surya Rahayuda,http://klik.ulm.ac.id/index.php/klik/article/view/46
PENERAPAN METODE RBPNN UNTUK KLASIFIKASI KANKER PAYUDARA,"Fairudz Shahura,Oni Soesanto,Fatma Indriani",http://klik.ulm.ac.id/index.php/klik/article/view/51
PERANCANGAN DAN PENGEMBANGAN PROTOTYPE SISTEM PARKIR,"Indah Ayu Septriyaningrum,Dodon T Nugrahadi,Ichsan Ridwan",http://klik.ulm.ac.id/index.php/klik/article/view/59
PENENTUAN FITUR WEBSITE BIDANG PARIWISATA DAN KEBUDAYAAN DENGAN METODE FEATURE-ORIENTED DOMAIN ANALYSIS (FODA),"Muhammad Iqbal,Muhammad Reza Faisal,Irwan Budiman",http://klik.ulm.ac.id/index.php/klik/article/view/53
PENERAPAN USABILITY TESTING TERHADAP SISTEM INFORMASI PENYEBARAN PENYAKIT UNGGAS,"Nahdhatuzzahra Nahdhatuzzahra,Irwan Budiman,Dodon T Nugrahadi",http://klik.ulm.ac.id/index.php/klik/article/view/58
UJI EFEKTIVITAS WAKTU IMPLEMENTASI ONE CARD PATIENT SEBAGAI BUSINESS PROCESS REENGINEERING SISTEM INFORMASI KLINIK DOKTER GIGI,"Septiadi Marwan Annahar,Irwan Budiman,Radityo A Nugroho",http://klik.ulm.ac.id/index.php/klik/article/view/61
ANALYTIC NETWORK PROCESS (ANP) PADA BALANCED SCORECARD (BSC) DENGAN PENDEKATAN FUZZY,"Oni Soesanto,Muhammad Mahfuzh Shiddiq,Oktarini Oktarini",http://klik.ulm.ac.id/index.php/klik/article/view/56
PREDIKSI PERMINTAAN PRODUK MIE INSTAN DENGAN METODE FUZZY TAKAGI-SUGENO,"Ahmad Bahroini,Andi Farmadi,Radityo A Nugroho",http://klik.ulm.ac.id/index.php/klik/article/view/62
PENERAPAN FUZZY INFERENCE SYSTEM TAKAGI-SUGENO-KANG PADA SISTEM PAKAR DIAGNOSA PENYAKIT GIGI,"Lutfi Salisa Setiawati,Irwan Budiman,Oni Soesanto",http://klik.ulm.ac.id/index.php/klik/article/view/30
PENERAPAN METODE LEARNING VECTOR QUANTIZATION (LVQ) PADA PREDIKSI JURUSAN DI SMA PGRI 1 BANJARBARU,"Risky Meliawati,Oni Soesanto,Dwi Kartini",http://klik.ulm.ac.id/index.php/klik/article/view/31
FUZZY ANALYTICAL HIERARCHY PROCESS (FAHP) PADA PENERIMA BANTUAN STIMULAN PERUMAHAN SWADAYA,"Fathul Hadi,Andi Farmadi,Dwi Kartini",http://klik.ulm.ac.id/index.php/klik/article/view/32
PENENTUAN ANGGOTA ASRAMA DENGAN ITERATIVE DICHOMOTISER THREE,"Muhammad Hasan,Muliadi Aziz,Dodon T. Nugrahadi",http://klik.ulm.ac.id/index.php/klik/article/view/33
QUESTION ANSWERING SYSTEM BERBASIS ARTIFICIAL  INTELLIGENCE MARKUP LANGUAGE SEBAGAI MEDIA INFORMASI,"Fajrin Azwary,Fatma Indriani,Dodon T. Nugrahadi",http://klik.ulm.ac.id/index.php/klik/article/view/34
UJI PERFORMANSI OPENPGP PADA KOMUNIKASI DATA WEB SERVICE  BERBASIS RESTFULL,"Muhammad Zaien,Muhammad Reza Faisal,Radityo Adi Nugroho",http://klik.ulm.ac.id/index.php/klik/article/view/35
ALGORITMA BOIDS DAN LOGIKA FUZZY PADA PERGERAKAN DAN PERILAKU NON PLAYER CHARACTERS PERMAINAN BORNEO MISSION,"Nur Hidayah,Muliadi Aziz,Ichsan Ridwan",http://klik.ulm.ac.id/index.php/klik/article/view/36
ANALISIS USER EXPERIENCE UNTUK TINGKAT KETERPILIHAN SMARTPHONE ANDROID,"Fhadilla Muhammad,Radityo Adi Nugroho,Dodon T. Nugrahadi",http://klik.ulm.ac.id/index.php/klik/article/view/37
PENERAPAN METODE FUZZY C-COVERING UNTUK ANALISIS POLA PEMBELIAN PADA MINIMARKET,"Nita Arianty,Oni Soesanto,Fatma Indriani",http://klik.ulm.ac.id/index.php/klik/article/view/38
PENERAPAN METODE SUPPORT VECTOR MACHINE PADA DIAGNOSA HEPATITIS,"Raudlatul Munawarah,Oni Soesanto,Muhammad Reza Faisal",http://klik.ulm.ac.id/index.php/klik/article/view/39
ALGORITMA K-MEANS CLUSTERING DALAM PENGOLAHAN CITRA DIGITAL LANDSAT,"Nur Ridha Apriyanti,Radityo Adi Nugroho,Oni Soesanto",http://klik.ulm.ac.id/index.php/klik/article/view/22
RANCANG BANGUN APLIKASI MULTIMEDIA 3 DIMENSI MUSEUM LAMBUNG MANGKURAT BANJARBARU,"Selvia Indah Liany Abdie,Dodon T. Nugrahadi,Fatma Indriani",http://klik.ulm.ac.id/index.php/klik/article/view/23
PREFERENCE RANKING ORGANIZATION METHOD FOR ENRICHMENT EVALUATION(PROMETHEE) SEBAGAI PENUNJANG KEPUTUSAN PEMILIHAN ANGGOTA BEM FMIPA UNLAM BANJARBARU,"Megi Adhiyani,Muliadi Aziz,Dwi Kartini",http://klik.ulm.ac.id/index.php/klik/article/view/24
MELIHAT PENGARUH CUACA TERHADAP PENYAKIT DEMAM BERDARAH DI BANJARBARU MENGGUNAKAN FUZZY C-MEANS,"Muhammad Halim,Andi Farmadi,Irwan Budiman",http://klik.ulm.ac.id/index.php/klik/article/view/25
PENERAPAN K-OPTIMAL PADA ALGORITMA KNN UNTUK PREDIKSI KELULUSAN TEPAT WAKTU MAHASISWA PROGRAM STUDI ILMU KOMPUTER FMIPA UNLAM BERDASARKAN IP SAMPAI DENGAN SEMESTER 4,"Mutiara Ayu Banjarsari,Irwan Budiman,Andi Farmadi",http://klik.ulm.ac.id/index.php/klik/article/view/26
ENTROPY-BASED FUZZY AHP SEBAGAI PENDUKUNG KEPUTUSAN PENEMPATAN BIDAN DI KOTA BANJARBARU,"Siti Hatimah Rahmadaniah,Oni Soesanto,Dwi Kartini",http://klik.ulm.ac.id/index.php/klik/article/view/27
PERANCANGAN SISTEM APLIKASI TERHADAP PENENTUAN TULANG OSTEOPOROSIS PADA CITRA X-RAY TULANG PAHA DENGAN THRESHOLDING METODE OTSU,"Muhammad Angga Wiratama,Muhammad Reza Faisal,Radityo Adi Nugroho",http://klik.ulm.ac.id/index.php/klik/article/view/28
IMPLEMENTASI METODE ELECTRE PADA SISTEM PENDUKUNG KEPUTUSAN SNMPTN JALUR UNDANGAN,"Fahmi Setiawan,Fatma Indriani,Muliadi Aziz",http://klik.ulm.ac.id/index.php/klik/article/view/29
OPTIMASI LEARNING RADIAL BASIS FUNCTION NEURAL NETWORK DENGAN EXTENDED KALMAN FILTER,"Oni Soesanto,Arfan Eko Fahrudin,Dodon T. Nugrahadi",http://klik.ulm.ac.id/index.php/klik/article/view/40
PENERAPAN METODE AHP TOPSIS PADA SISTEM  PENDUKUNG KEPUTUSAN PENENTUAN TAMAN  KANAK-KANAK (TK) TERBAIK DARI DINAS  PENDIDIKAN KOTA BANJARBARU  (Studi Kasus TK di Kecamatan Banjarbaru Selatan),"Khairunnisa Khairunnisa,Andi Farmadi,Heru Candra Kartika",http://klik.ulm.ac.id/index.php/klik/article/view/12
IMPLEMENTASI INDEPENDENT T-TEST PADA APLIKASI PEMBELAJARAN MULTIMEDIA RAGAM DAN GERAK SENI TARI DAERAH KALIMANTAN SELATAN,"Baron Hidayat,Fatma Indriani,Muliadi Aziz",http://klik.ulm.ac.id/index.php/klik/article/view/14
IMPLEMENTASI â€œPICTURE DESCRIPTIONâ€ PADA APLIKASI MEDIA PEMBELAJARAN BAHASA INGGRIS,"Rizki Amelia,Dodon T. Nugrahadi,Irwan Budiman",http://klik.ulm.ac.id/index.php/klik/article/view/15
APLIKASI DATA MINING MENGGUNAKAN MULTIPLE LINEAR REGRESSION UNTUK PENGENALAN POLA CURAH HUJAN,"Irwan Budiman,Artesya Nanda Akhlakulkarimah",http://klik.ulm.ac.id/index.php/klik/article/view/16
FUZZY SIMPLE ADDITIVE WEIGHTED (F-SAW) SEBAGAI PENUNJANG KEPUTUSAN REKOMENDASI CALON PEMEGANG POLIS ASURANSI JIWA BERDASARKAN UNDERWRITING (SELEKSI RESIKO) (STUDI KASUS : ASURANSI JIWA BERSAMA (AJB) BUMIPUTERA 1912 CABANG BANJARBARU),"Hendy Setyoputro,Oni Soesanto,Dwi Kartini",http://klik.ulm.ac.id/index.php/klik/article/view/17
IMPLEMENTASI DIGITAL ASSET MANAGEMENT SYSTEM PADA WEB PORTAL KARYA SISWA JURUSAN MULTIMEDIA DI SMK NEGERI 1 MARTAPURA,"Rahmat Ramadhani,Muhammad Reza Faisal,Radityo Adi Nugroho",http://klik.ulm.ac.id/index.php/klik/article/view/18
RANCANG BANGUN APLIKASI  PENGENALAN POLA SIDIK JARI,"Ryan Wahyudi,Oni Soesanto,Muliadi Muliadi",http://klik.ulm.ac.id/index.php/klik/article/view/19
RANCANG BANGUN SISTEM PENDUKUNG KEPUTUSAN PENENTUAN KELUARGA MISKIN,"Ade Saputra,Dwi Kartini,Oni Soesanto",http://klik.ulm.ac.id/index.php/klik/article/view/20
PEMANFAATAN DATA WAREHOUSE SEBAGAI SARANA PENUNJANG PENYUSUNAN BORANG AKREDITASI STANDAR 3 DAN STANDAR 4  STUDI KASUS : FAKULTAS MATEMATIKA DAN ILMU PENGETAHUAN ALAM UNIVERSITAS LAMBUNG MANGKURAT BANJARBARU,"Julius Tunggono,Muhammad Reza Faisal,Dodon T. Nugrahadi",http://klik.ulm.ac.id/index.php/klik/article/view/21
PENCARIAN HOTEL TERDEKAT  DENGAN METODE KD-TREE DAN NEAREST  NEIGHBOR,"Efendi Mohtar,Farmadi Andi,Radityo Adi Nugroho",http://klik.ulm.ac.id/index.php/klik/article/view/1
K-MEANS UNTUK KLASIFIKASI PENYAKIT KARIES GIGI,"Novita Meisida,Oni Soesanto,Heru Kartika Candra",http://klik.ulm.ac.id/index.php/klik/article/view/2
IMPLEMENTASI METODE FUZZY C-MEANS PADA  SISTEM CLUSTERINGDATA VARIETAS PADI,"Nurjanah Nurjanah,Farmadi Andi,Fatma Indriani",http://klik.ulm.ac.id/index.php/klik/article/view/3
CLUSTERING PENENTUAN POTENSI KEJAHATAN DAERAH DI KOTA BANJARBARU DENGAN METODE K-MEANS,"Sri Rahayu,Dodon T Nugrahadi,Fatma Indriani",http://klik.ulm.ac.id/index.php/klik/article/view/7
IMPLEMENTASI METODE ALGORITMA APRIORI PADA SISTEM PENDUKUNG KEPUTUSAN ORDER BARANG,"Evi Nadya Prisilla,Andi Farmadi,Heru Kartika Chandra",http://klik.ulm.ac.id/index.php/klik/article/view/6
PERANCANGAN SISTEM PEMBAYARAN BEROBAT PASIEN DIPUSKESMAS RAWAT INAP KEDATON BANDAR LAMPUNG,Mira Febriana Sesunan,http://klik.ulm.ac.id/index.php/klik/article/view/5
PEMODELAN ALGORITMA GENETIKA PADA SISTEM PENJADWALAN PERKULIAHAN PRODI ILMU KOMPUTER UNIVERSITAS LAMBUNGMANGKURAT,Muliadi Aziz,http://klik.ulm.ac.id/index.php/klik/article/view/8
MODEL SISTEM PENDUKUNG KEPUTUSAN KELAYAKAN KREDIT SEPEDA MOTOR DI PT X FINANCE,Yahfizham Yahfizham,http://klik.ulm.ac.id/index.php/klik/article/view/9
RANCANG BANGUN APLIKASI PERMAINAN (GAMES) SEBAGAI MEDIA PEMBELAJARAN SENI DAN BUDAYA BANJAR,"Sutan Takdir Alam,Radityo Adi Nugroho,Irwan Budiman",http://klik.ulm.ac.id/index.php/klik/article/view/13
